Event_Name,Start_Date,End_Date,Peak_Period,Event_Type
COVID-19 Pandemic,30-01-2020,01-05-2022,March-April 2020,Health/Crisis
Russia-Ukraine War,24-02-2022,31-12-2024,Q1 2022,Geopolitical
US Fed Aggressive Rate Hike,01-03-2022,26-07-2023,Mid 2023,Economic
Global Inflation Surge,01-05-2021,31-12-2023,Jun-22,Economic
2026 Financial Volatility,01-01-2026,10-04-2026,Feb-26,Market Crash
US Debt Ceiling Crisis,16-05-2011,31-12-2011,Aug-11,Financial Crisis
Taper Tantrum,22-05-2013,31-12-2013,Jun-13,FED Policy
Brexit Referendum,23-06-2016,31-12-2016,Jun-16,Political
US-China Trade War,06-07-2018,15-01-2020,May-19,Trade/Geo
US Banking Crisis,10-03-2023,31-05-2023,Mar-23,Financial
Israel-Iran Conflict,01-04-2024,31-12-2025,Oct-24,Geopolitical
Central Bank Gold Rush,01-01-2024,31-12-2025,Q4 2024,Economic
Middle East Conflicat,07-10-2023,30-06-2024,Apr-24,Geopolitical
